fecha,tipo_movimiento,categoria,importe_eur,saldo_post_movimiento,descripcion,canal
2024-01-01,Ingreso,Salario,2374.51,4874.51,Nómina mensual,Transferencia
2024-01-01,Gasto,Transporte,-31.18,4843.32,Pago con tarjeta,Tarjeta
2024-01-02,Gasto,Alimentación,-58.44,4784.89,Pago con tarjeta,Tarjeta
2024-01-03,Gasto,Transporte,-8.37,4776.52,Pago con tarjeta,Tarjeta
2024-01-03,Gasto,Alimentación,-35.29,4741.23,Pago con tarjeta,Tarjeta
2024-01-04,Gasto,Ropa,-18.38,4722.85,Pago con tarjeta,Tarjeta
2024-01-04,Gasto,Transporte,-38.81,4684.04,Pago con tarjeta,Tarjeta
2024-01-04,Ingreso,Bizum,76.83,4760.87,Bizum recibido,Bizum
2024-01-05,Gasto,Alquiler,-900.0,3860.87,Cargo Alquiler,Débito
2024-01-06,Gasto,Ocio,-39.72,3821.15,Pago con tarjeta,Tarjeta
2024-01-07,Gasto,Préstamo personal,-220.0,3601.15,Cargo Préstamo personal,Débito
2024-01-07,Gasto,Alimentación,-35.04,3566.11,Pago con tarjeta,Tarjeta
2024-01-07,Gasto,Transporte,-17.61,3548.5,Pago con tarjeta,Tarjeta
2024-01-09,Gasto,Otros,-51.92,3496.58,Pago con tarjeta,Tarjeta
2024-01-11,Gasto,Otros,-48.16,3448.43,Pago con tarjeta,Tarjeta
2024-01-11,Gasto,Gasto extraordinario,-1033.92,2414.51,Compra excepcional,Tarjeta
2024-01-12,Gasto,Electricidad,-70.0,2344.51,Cargo Electricidad,Débito
2024-01-12,Gasto,Gas,-45.0,2299.51,Cargo Gas,Débito
2024-01-12,Gasto,Transporte,-56.17,2243.34,Pago con tarjeta,Tarjeta
2024-01-13,Gasto,Alimentación,-24.17,2219.17,Pago con tarjeta,Tarjeta
2024-01-15,Gasto,Internet,-55.0,2164.17,Cargo Internet,Débito
2024-01-15,Gasto,Telefonía,-35.0,2129.17,Cargo Telefonía,Débito
2024-01-16,Gasto,Alimentación,-30.85,2098.33,Pago con tarjeta,Tarjeta
2024-01-17,Gasto,Educación,-20.96,2077.36,Pago con tarjeta,Tarjeta
2024-01-17,Gasto,Restaurantes,-47.29,2030.07,Pago con tarjeta,Tarjeta
2024-01-18,Gasto,Seguro,-45.0,1985.07,Cargo Seguro,Débito
2024-01-18,Gasto,Transporte,-23.37,1961.7,Pago con tarjeta,Tarjeta
2024-01-18,Gasto,Alimentación,-31.74,1929.96,Pago con tarjeta,Tarjeta
2024-01-19,Gasto,Educación,-24.54,1905.43,Pago con tarjeta,Tarjeta
2024-01-20,Gasto,Streaming,-25.0,1880.43,Cargo Streaming,Débito
2024-01-20,Gasto,Gasto extraordinario,-759.67,1120.75,Compra excepcional,Tarjeta
2024-01-21,Gasto,Alimentación,-20.69,1100.06,Pago con tarjeta,Tarjeta
2024-01-22,Gasto,Otros,-58.05,1042.01,Pago con tarjeta,Tarjeta
2024-01-22,Gasto,Alimentación,-33.86,1008.15,Pago con tarjeta,Tarjeta
2024-01-22,Ingreso,Ingreso extra,275.06,1283.21,Ingreso puntual,Transferencia
2024-01-23,Gasto,Alimentación,-25.94,1257.27,Pago con tarjeta,Tarjeta
2024-01-23,Gasto,Transporte,-43.4,1213.87,Pago con tarjeta,Tarjeta
2024-01-24,Gasto,Ropa,-20.36,1193.52,Pago con tarjeta,Tarjeta
2024-01-25,Gasto,Ropa,-49.51,1144.0,Pago con tarjeta,Tarjeta
2024-01-28,Gasto,Otros,-15.15,1128.85,Pago con tarjeta,Tarjeta
2024-01-30,Gasto,Alimentación,-59.81,1069.05,Pago con tarjeta,Tarjeta
2024-01-30,Gasto,Otros,-37.03,1032.02,Pago con tarjeta,Tarjeta
2024-01-31,Gasto,Educación,-54.13,977.89,Pago con tarjeta,Tarjeta
2024-01-31,Gasto,Ropa,-41.39,936.5,Pago con tarjeta,Tarjeta
2024-02-01,Ingreso,Salario,2279.26,3215.76,Nómina mensual,Transferencia
2024-02-01,Gasto,Restaurantes,-56.89,3158.88,Pago con tarjeta,Tarjeta
2024-02-02,Gasto,Ocio,-19.66,3139.21,Pago con tarjeta,Tarjeta
2024-02-03,Gasto,Ocio,-45.49,3093.72,Pago con tarjeta,Tarjeta
2024-02-03,Gasto,Alimentación,-36.21,3057.51,Pago con tarjeta,Tarjeta
2024-02-04,Gasto,Restaurantes,-54.39,3003.13,Pago con tarjeta,Tarjeta
2024-02-04,Gasto,Transporte,-49.33,2953.8,Pago con tarjeta,Tarjeta
2024-02-05,Gasto,Alquiler,-900.0,2053.8,Cargo Alquiler,Débito
2024-02-05,Gasto,Restaurantes,-37.74,2016.05,Pago con tarjeta,Tarjeta
2024-02-06,Gasto,Educación,-27.25,1988.8,Pago con tarjeta,Tarjeta
2024-02-06,Gasto,Alimentación,-56.27,1932.53,Pago con tarjeta,Tarjeta
2024-02-07,Gasto,Préstamo personal,-220.0,1712.53,Cargo Préstamo personal,Débito
2024-02-08,Gasto,Restaurantes,-28.52,1684.01,Pago con tarjeta,Tarjeta
2024-02-08,Gasto,Salud,-56.36,1627.65,Pago con tarjeta,Tarjeta
2024-02-08,Gasto,Bizum,-32.98,1594.66,Bizum enviado,Bizum
2024-02-09,Gasto,Ocio,-44.24,1550.42,Pago con tarjeta,Tarjeta
2024-02-09,Gasto,Ocio,-26.69,1523.73,Pago con tarjeta,Tarjeta
2024-02-12,Gasto,Electricidad,-70.0,1453.73,Cargo Electricidad,Débito
2024-02-12,Gasto,Gas,-45.0,1408.73,Cargo Gas,Débito
2024-02-13,Gasto,Alimentación,-16.06,1392.66,Pago con tarjeta,Tarjeta
2024-02-13,Gasto,Otros,-51.62,1341.04,Pago con tarjeta,Tarjeta
2024-02-13,Ingreso,Ingreso extra,177.04,1518.08,Ingreso puntual,Transferencia
2024-02-14,Gasto,Transporte,-48.04,1470.04,Pago con tarjeta,Tarjeta
2024-02-15,Gasto,Internet,-55.0,1415.04,Cargo Internet,Débito
2024-02-15,Gasto,Telefonía,-35.0,1380.04,Cargo Telefonía,Débito
2024-02-15,Gasto,Restaurantes,-44.37,1335.67,Pago con tarjeta,Tarjeta
2024-02-15,Gasto,Alimentación,-14.9,1320.77,Pago con tarjeta,Tarjeta
2024-02-15,Ingreso,Ingreso extra,207.62,1528.39,Ingreso puntual,Transferencia
2024-02-16,Gasto,Alimentación,-9.32,1519.07,Pago con tarjeta,Tarjeta
2024-02-16,Gasto,Otros,-51.47,1467.6,Pago con tarjeta,Tarjeta
2024-02-17,Gasto,Alimentación,-12.88,1454.72,Pago con tarjeta,Tarjeta
2024-02-17,Gasto,Alimentación,-56.6,1398.12,Pago con tarjeta,Tarjeta
2024-02-18,Gasto,Seguro,-45.0,1353.12,Cargo Seguro,Débito
2024-02-18,Gasto,Restaurantes,-20.88,1332.24,Pago con tarjeta,Tarjeta
2024-02-18,Ingreso,Ingreso extra,117.14,1449.38,Ingreso puntual,Transferencia
2024-02-19,Gasto,Alimentación,-58.93,1390.45,Pago con tarjeta,Tarjeta
2024-02-20,Gasto,Streaming,-25.0,1365.45,Cargo Streaming,Débito
2024-02-21,Gasto,Transporte,-10.36,1355.09,Pago con tarjeta,Tarjeta
2024-02-21,Gasto,Restaurantes,-40.54,1314.55,Pago con tarjeta,Tarjeta
2024-02-22,Gasto,Otros,-57.1,1257.44,Pago con tarjeta,Tarjeta
2024-02-22,Gasto,Salud,-41.09,1216.35,Pago con tarjeta,Tarjeta
2024-02-23,Gasto,Transporte,-56.96,1159.4,Pago con tarjeta,Tarjeta
2024-02-24,Gasto,Alimentación,-27.62,1131.78,Pago con tarjeta,Tarjeta
2024-02-24,Ingreso,Bizum,78.01,1209.79,Bizum recibido,Bizum
2024-02-25,Gasto,Ropa,-22.66,1187.13,Pago con tarjeta,Tarjeta
2024-02-25,Gasto,Alimentación,-44.23,1142.9,Pago con tarjeta,Tarjeta
2024-02-29,Gasto,Ocio,-20.39,1122.51,Pago con tarjeta,Tarjeta
2024-03-01,Ingreso,Salario,2068.25,3190.76,Nómina mensual,Transferencia
2024-03-01,Gasto,Alimentación,-55.08,3135.68,Pago con tarjeta,Tarjeta
2024-03-01,Gasto,Alimentación,-24.6,3111.08,Pago con tarjeta,Tarjeta
2024-03-02,Gasto,Alimentación,-39.33,3071.75,Pago con tarjeta,Tarjeta
2024-03-04,Gasto,Bizum,-91.07,2980.68,Bizum enviado,Bizum
2024-03-05,Gasto,Alquiler,-900.0,2080.68,Cargo Alquiler,Débito
2024-03-05,Gasto,Transporte,-13.26,2067.42,Pago con tarjeta,Tarjeta
2024-03-05,Gasto,Alimentación,-44.45,2022.97,Pago con tarjeta,Tarjeta
2024-03-05,Gasto,Bizum,-100.4,1922.56,Bizum enviado,Bizum
2024-03-07,Gasto,Préstamo personal,-220.0,1702.56,Cargo Préstamo personal,Débito
2024-03-08,Gasto,Restaurantes,-44.66,1657.9,Pago con tarjeta,Tarjeta
2024-03-09,Gasto,Restaurantes,-10.93,1646.97,Pago con tarjeta,Tarjeta
2024-03-09,Gasto,Alimentación,-14.11,1632.86,Pago con tarjeta,Tarjeta
2024-03-11,Gasto,Ropa,-58.85,1574.01,Pago con tarjeta,Tarjeta
2024-03-11,Gasto,Transporte,-24.78,1549.23,Pago con tarjeta,Tarjeta
2024-03-11,Gasto,Bizum,-111.71,1437.52,Bizum enviado,Bizum
2024-03-12,Gasto,Electricidad,-70.0,1367.52,Cargo Electricidad,Débito
2024-03-12,Gasto,Gas,-45.0,1322.52,Cargo Gas,Débito
2024-03-12,Gasto,Transporte,-44.18,1278.34,Pago con tarjeta,Tarjeta
2024-03-13,Gasto,Bizum,-40.91,1237.43,Bizum enviado,Bizum
2024-03-14,Gasto,Alimentación,-41.64,1195.8,Pago con tarjeta,Tarjeta
2024-03-14,Gasto,Restaurantes,-19.93,1175.87,Pago con tarjeta,Tarjeta
2024-03-15,Gasto,Internet,-55.0,1120.87,Cargo Internet,Débito
2024-03-15,Gasto,Telefonía,-35.0,1085.87,Cargo Telefonía,Débito
2024-03-15,Gasto,Transporte,-24.1,1061.77,Pago con tarjeta,Tarjeta
2024-03-17,Gasto,Alimentación,-53.59,1008.19,Pago con tarjeta,Tarjeta
2024-03-17,Gasto,Transporte,-16.57,991.62,Pago con tarjeta,Tarjeta
2024-03-18,Gasto,Seguro,-45.0,946.62,Cargo Seguro,Débito
2024-03-19,Ingreso,Ingreso extra,122.83,1069.45,Ingreso puntual,Transferencia
2024-03-20,Gasto,Streaming,-25.0,1044.45,Cargo Streaming,Débito
2024-03-20,Gasto,Salud,-50.27,994.18,Pago con tarjeta,Tarjeta
2024-03-22,Gasto,Alimentación,-22.29,971.89,Pago con tarjeta,Tarjeta
2024-03-22,Gasto,Alimentación,-53.67,918.22,Pago con tarjeta,Tarjeta
2024-03-23,Gasto,Transporte,-48.16,870.06,Pago con tarjeta,Tarjeta
2024-03-23,Gasto,Transporte,-52.31,817.75,Pago con tarjeta,Tarjeta
2024-03-24,Gasto,Restaurantes,-29.87,787.88,Pago con tarjeta,Tarjeta
2024-03-24,Gasto,Ropa,-41.25,746.63,Pago con tarjeta,Tarjeta
2024-03-26,Gasto,Alimentación,-34.73,711.91,Pago con tarjeta,Tarjeta
2024-03-26,Gasto,Ropa,-28.62,683.29,Pago con tarjeta,Tarjeta
2024-03-27,Gasto,Salud,-47.98,635.3,Pago con tarjeta,Tarjeta
2024-03-27,Gasto,Alimentación,-10.38,624.92,Pago con tarjeta,Tarjeta
2024-03-28,Gasto,Alimentación,-14.7,610.22,Pago con tarjeta,Tarjeta
2024-03-29,Gasto,Ocio,-29.41,580.81,Pago con tarjeta,Tarjeta
2024-03-29,Gasto,Salud,-34.79,546.02,Pago con tarjeta,Tarjeta
2024-03-30,Ingreso,Ingreso extra,255.59,801.61,Ingreso puntual,Transferencia
2024-03-31,Gasto,Alimentación,-26.94,774.67,Pago con tarjeta,Tarjeta
2024-03-31,Gasto,Transporte,-43.9,730.76,Pago con tarjeta,Tarjeta
2024-03-31,Gasto,Bizum,-97.94,632.83,Bizum enviado,Bizum
2024-04-01,Ingreso,Salario,2173.59,2806.42,Nómina mensual,Transferencia
2024-04-01,Gasto,Bizum,-40.46,2765.96,Bizum enviado,Bizum
2024-04-02,Gasto,Otros,-20.28,2745.68,Pago con tarjeta,Tarjeta
2024-04-03,Gasto,Alimentación,-45.09,2700.59,Pago con tarjeta,Tarjeta
2024-04-04,Gasto,Restaurantes,-28.65,2671.94,Pago con tarjeta,Tarjeta
2024-04-04,Gasto,Alimentación,-46.35,2625.59,Pago con tarjeta,Tarjeta
2024-04-05,Gasto,Alquiler,-900.0,1725.59,Cargo Alquiler,Débito
2024-04-05,Gasto,Alimentación,-54.31,1671.29,Pago con tarjeta,Tarjeta
2024-04-05,Gasto,Transporte,-43.31,1627.97,Pago con tarjeta,Tarjeta
2024-04-06,Gasto,Transporte,-38.5,1589.47,Pago con tarjeta,Tarjeta
2024-04-06,Gasto,Transporte,-27.7,1561.78,Pago con tarjeta,Tarjeta
2024-04-07,Gasto,Préstamo personal,-220.0,1341.78,Cargo Préstamo personal,Débito
2024-04-07,Gasto,Otros,-39.5,1302.28,Pago con tarjeta,Tarjeta
2024-04-08,Gasto,Salud,-12.57,1289.71,Pago con tarjeta,Tarjeta
2024-04-08,Gasto,Ropa,-10.89,1278.81,Pago con tarjeta,Tarjeta
2024-04-08,Ingreso,Ingreso extra,303.03,1581.84,Ingreso puntual,Transferencia
2024-04-10,Gasto,Alimentación,-16.89,1564.95,Pago con tarjeta,Tarjeta
2024-04-10,Gasto,Ocio,-56.33,1508.63,Pago con tarjeta,Tarjeta
2024-04-12,Gasto,Electricidad,-70.0,1438.63,Cargo Electricidad,Débito
2024-04-12,Gasto,Gas,-45.0,1393.63,Cargo Gas,Débito
2024-04-12,Gasto,Transporte,-44.78,1348.85,Pago con tarjeta,Tarjeta
2024-04-14,Gasto,Alimentación,-59.48,1289.37,Pago con tarjeta,Tarjeta
2024-04-15,Gasto,Internet,-55.0,1234.37,Cargo Internet,Débito
2024-04-15,Gasto,Telefonía,-35.0,1199.37,Cargo Telefonía,Débito
2024-04-15,Gasto,Alimentación,-32.6,1166.77,Pago con tarjeta,Tarjeta
2024-04-18,Gasto,Seguro,-45.0,1121.77,Cargo Seguro,Débito
2024-04-18,Gasto,Salud,-15.27,1106.5,Pago con tarjeta,Tarjeta
2024-04-18,Gasto,Ropa,-18.48,1088.01,Pago con tarjeta,Tarjeta
2024-04-19,Gasto,Educación,-24.44,1063.57,Pago con tarjeta,Tarjeta
2024-04-19,Gasto,Transporte,-43.52,1020.06,Pago con tarjeta,Tarjeta
2024-04-20,Gasto,Streaming,-25.0,995.06,Cargo Streaming,Débito
2024-04-20,Gasto,Ocio,-34.14,960.92,Pago con tarjeta,Tarjeta
2024-04-21,Gasto,Alimentación,-36.23,924.69,Pago con tarjeta,Tarjeta
2024-04-21,Gasto,Restaurantes,-25.31,899.38,Pago con tarjeta,Tarjeta
2024-04-24,Gasto,Transporte,-47.65,851.73,Pago con tarjeta,Tarjeta
2024-04-24,Gasto,Salud,-25.79,825.94,Pago con tarjeta,Tarjeta
2024-04-25,Gasto,Transporte,-36.07,789.87,Pago con tarjeta,Tarjeta
2024-04-25,Gasto,Restaurantes,-29.27,760.61,Pago con tarjeta,Tarjeta
2024-04-25,Gasto,Gasto extraordinario,-838.6,-77.99,Compra excepcional,Tarjeta
2024-04-26,Gasto,Alimentación,-17.44,-95.44,Pago con tarjeta,Tarjeta
2024-04-27,Gasto,Transporte,-55.42,-150.85,Pago con tarjeta,Tarjeta
2024-04-27,Gasto,Alimentación,-13.24,-164.09,Pago con tarjeta,Tarjeta
2024-04-28,Gasto,Ocio,-55.97,-220.06,Pago con tarjeta,Tarjeta
2024-04-28,Gasto,Ocio,-15.93,-235.99,Pago con tarjeta,Tarjeta
2024-04-29,Gasto,Salud,-55.36,-291.35,Pago con tarjeta,Tarjeta
2024-04-29,Gasto,Alimentación,-20.27,-311.62,Pago con tarjeta,Tarjeta
2024-04-30,Gasto,Transporte,-38.75,-350.36,Pago con tarjeta,Tarjeta
2024-04-30,Gasto,Restaurantes,-10.85,-361.21,Pago con tarjeta,Tarjeta
2024-04-30,Ingreso,Ingreso extra,186.72,-174.49,Ingreso puntual,Transferencia
2024-05-01,Ingreso,Salario,2427.84,2253.35,Nómina mensual,Transferencia
2024-05-02,Gasto,Alimentación,-55.46,2197.88,Pago con tarjeta,Tarjeta
2024-05-03,Gasto,Restaurantes,-38.19,2159.69,Pago con tarjeta,Tarjeta
2024-05-03,Gasto,Gasto extraordinario,-897.18,1262.51,Compra excepcional,Tarjeta
2024-05-05,Gasto,Alquiler,-900.0,362.51,Cargo Alquiler,Débito
2024-05-06,Gasto,Ropa,-26.17,336.34,Pago con tarjeta,Tarjeta
2024-05-07,Gasto,Préstamo personal,-220.0,116.34,Cargo Préstamo personal,Débito
2024-05-08,Gasto,Restaurantes,-28.84,87.5,Pago con tarjeta,Tarjeta
2024-05-08,Gasto,Transporte,-16.07,71.43,Pago con tarjeta,Tarjeta
2024-05-09,Gasto,Educación,-35.38,36.05,Pago con tarjeta,Tarjeta
2024-05-09,Gasto,Ropa,-58.9,-22.86,Pago con tarjeta,Tarjeta
2024-05-10,Gasto,Alimentación,-42.94,-65.8,Pago con tarjeta,Tarjeta
2024-05-10,Gasto,Bizum,-21.45,-87.25,Bizum enviado,Bizum
2024-05-11,Gasto,Ropa,-59.41,-146.66,Pago con tarjeta,Tarjeta
2024-05-11,Gasto,Transporte,-49.96,-196.62,Pago con tarjeta,Tarjeta
2024-05-12,Gasto,Electricidad,-70.0,-266.62,Cargo Electricidad,Débito
2024-05-12,Gasto,Gas,-45.0,-311.62,Cargo Gas,Débito
2024-05-12,Gasto,Educación,-8.68,-320.3,Pago con tarjeta,Tarjeta
2024-05-12,Ingreso,Ingreso extra,138.06,-182.24,Ingreso puntual,Transferencia
2024-05-13,Gasto,Ocio,-55.35,-237.59,Pago con tarjeta,Tarjeta
2024-05-13,Gasto,Transporte,-25.47,-263.05,Pago con tarjeta,Tarjeta
2024-05-13,Ingreso,Ingreso extra,345.81,82.76,Ingreso puntual,Transferencia
2024-05-14,Gasto,Transporte,-30.68,52.08,Pago con tarjeta,Tarjeta
2024-05-14,Gasto,Alimentación,-57.32,-5.24,Pago con tarjeta,Tarjeta
2024-05-15,Gasto,Internet,-55.0,-60.24,Cargo Internet,Débito
2024-05-15,Gasto,Telefonía,-35.0,-95.24,Cargo Telefonía,Débito
2024-05-15,Gasto,Restaurantes,-17.47,-112.71,Pago con tarjeta,Tarjeta
2024-05-15,Gasto,Restaurantes,-34.65,-147.36,Pago con tarjeta,Tarjeta
2024-05-16,Gasto,Salud,-59.19,-206.55,Pago con tarjeta,Tarjeta
2024-05-16,Gasto,Transporte,-16.93,-223.48,Pago con tarjeta,Tarjeta
2024-05-17,Gasto,Restaurantes,-11.49,-234.97,Pago con tarjeta,Tarjeta
2024-05-17,Gasto,Restaurantes,-33.87,-268.84,Pago con tarjeta,Tarjeta
2024-05-18,Gasto,Seguro,-45.0,-313.84,Cargo Seguro,Débito
2024-05-18,Gasto,Salud,-39.07,-352.9,Pago con tarjeta,Tarjeta
2024-05-20,Gasto,Streaming,-25.0,-377.9,Cargo Streaming,Débito
2024-05-20,Gasto,Otros,-17.59,-395.49,Pago con tarjeta,Tarjeta
2024-05-20,Gasto,Alimentación,-48.09,-443.58,Pago con tarjeta,Tarjeta
2024-05-20,Ingreso,Bizum,102.08,-341.5,Bizum recibido,Bizum
2024-05-21,Gasto,Restaurantes,-42.51,-384.01,Pago con tarjeta,Tarjeta
2024-05-21,Gasto,Otros,-46.09,-430.11,Pago con tarjeta,Tarjeta
2024-05-22,Gasto,Salud,-57.67,-487.78,Pago con tarjeta,Tarjeta
2024-05-23,Gasto,Ocio,-33.77,-521.55,Pago con tarjeta,Tarjeta
2024-05-23,Gasto,Ocio,-30.61,-552.16,Pago con tarjeta,Tarjeta
2024-05-24,Gasto,Alimentación,-13.36,-565.52,Pago con tarjeta,Tarjeta
2024-05-24,Gasto,Alimentación,-49.99,-615.5,Pago con tarjeta,Tarjeta
2024-05-25,Gasto,Transporte,-53.39,-668.9,Pago con tarjeta,Tarjeta
2024-05-25,Gasto,Ocio,-49.94,-718.84,Pago con tarjeta,Tarjeta
2024-05-26,Gasto,Transporte,-44.05,-762.88,Pago con tarjeta,Tarjeta
2024-05-26,Ingreso,Bizum,83.69,-679.19,Bizum recibido,Bizum
2024-05-27,Gasto,Educación,-9.77,-688.96,Pago con tarjeta,Tarjeta
2024-05-27,Gasto,Ocio,-23.46,-712.42,Pago con tarjeta,Tarjeta
2024-05-28,Gasto,Alimentación,-31.67,-744.09,Pago con tarjeta,Tarjeta
2024-05-28,Gasto,Transporte,-41.52,-785.6,Pago con tarjeta,Tarjeta
2024-05-29,Gasto,Ocio,-25.67,-811.28,Pago con tarjeta,Tarjeta
2024-05-30,Gasto,Ocio,-46.37,-857.65,Pago con tarjeta,Tarjeta
2024-05-31,Gasto,Salud,-9.11,-866.75,Pago con tarjeta,Tarjeta
2024-06-01,Ingreso,Salario,1951.89,1085.14,Nómina mensual,Transferencia
2024-06-02,Gasto,Restaurantes,-38.2,1046.94,Pago con tarjeta,Tarjeta
2024-06-03,Gasto,Ocio,-20.42,1026.52,Pago con tarjeta,Tarjeta
2024-06-03,Gasto,Alimentación,-26.44,1000.08,Pago con tarjeta,Tarjeta
2024-06-04,Gasto,Educación,-10.35,989.74,Pago con tarjeta,Tarjeta
2024-06-05,Gasto,Alquiler,-900.0,89.74,Cargo Alquiler,Débito
2024-06-07,Gasto,Préstamo personal,-220.0,-130.26,Cargo Préstamo personal,Débito
2024-06-09,Gasto,Alimentación,-17.69,-147.96,Pago con tarjeta,Tarjeta
2024-06-11,Gasto,Transporte,-33.54,-181.5,Pago con tarjeta,Tarjeta
2024-06-11,Gasto,Otros,-54.67,-236.17,Pago con tarjeta,Tarjeta
2024-06-12,Gasto,Electricidad,-70.0,-306.17,Cargo Electricidad,Débito
2024-06-12,Gasto,Gas,-45.0,-351.17,Cargo Gas,Débito
2024-06-12,Gasto,Transporte,-12.76,-363.92,Pago con tarjeta,Tarjeta
2024-06-12,Gasto,Salud,-21.81,-385.73,Pago con tarjeta,Tarjeta
2024-06-14,Gasto,Alimentación,-8.26,-394.0,Pago con tarjeta,Tarjeta
2024-06-14,Gasto,Ocio,-10.54,-404.54,Pago con tarjeta,Tarjeta
2024-06-15,Gasto,Internet,-55.0,-459.54,Cargo Internet,Débito
2024-06-15,Gasto,Telefonía,-35.0,-494.54,Cargo Telefonía,Débito
2024-06-16,Gasto,Salud,-26.09,-520.62,Pago con tarjeta,Tarjeta
2024-06-18,Gasto,Seguro,-45.0,-565.62,Cargo Seguro,Débito
2024-06-19,Gasto,Ocio,-17.84,-583.46,Pago con tarjeta,Tarjeta
2024-06-20,Gasto,Streaming,-25.0,-608.46,Cargo Streaming,Débito
2024-06-20,Ingreso,Bizum,100.19,-508.27,Bizum recibido,Bizum
2024-06-20,Ingreso,Ingreso extra,257.98,-250.29,Ingreso puntual,Transferencia
2024-06-22,Gasto,Transporte,-21.51,-271.8,Pago con tarjeta,Tarjeta
2024-06-23,Gasto,Alimentación,-30.48,-302.28,Pago con tarjeta,Tarjeta
2024-06-23,Gasto,Salud,-28.39,-330.67,Pago con tarjeta,Tarjeta
2024-06-24,Gasto,Alimentación,-23.65,-354.32,Pago con tarjeta,Tarjeta
2024-06-24,Gasto,Ocio,-11.5,-365.82,Pago con tarjeta,Tarjeta
2024-06-25,Gasto,Otros,-43.15,-408.97,Pago con tarjeta,Tarjeta
2024-06-25,Gasto,Restaurantes,-41.67,-450.65,Pago con tarjeta,Tarjeta
2024-06-27,Gasto,Alimentación,-59.85,-510.5,Pago con tarjeta,Tarjeta
2024-06-27,Gasto,Restaurantes,-31.47,-541.97,Pago con tarjeta,Tarjeta
2024-06-28,Gasto,Ropa,-19.96,-561.93,Pago con tarjeta,Tarjeta
2024-06-28,Gasto,Alimentación,-53.14,-615.07,Pago con tarjeta,Tarjeta
2024-06-30,Gasto,Restaurantes,-54.49,-669.57,Pago con tarjeta,Tarjeta
2024-06-30,Ingreso,Ingreso extra,288.53,-381.03,Ingreso puntual,Transferencia
2024-07-01,Ingreso,Salario,2442.58,2061.54,Nómina mensual,Transferencia
2024-07-01,Gasto,Alimentación,-18.59,2042.95,Pago con tarjeta,Tarjeta
2024-07-01,Gasto,Alimentación,-15.99,2026.96,Pago con tarjeta,Tarjeta
2024-07-01,Ingreso,Ingreso extra,334.98,2361.94,Ingreso puntual,Transferencia
2024-07-02,Gasto,Otros,-40.07,2321.87,Pago con tarjeta,Tarjeta
2024-07-02,Gasto,Ropa,-33.04,2288.83,Pago con tarjeta,Tarjeta
2024-07-03,Gasto,Alimentación,-16.36,2272.47,Pago con tarjeta,Tarjeta
2024-07-03,Gasto,Ocio,-24.95,2247.52,Pago con tarjeta,Tarjeta
2024-07-04,Gasto,Alimentación,-28.41,2219.11,Pago con tarjeta,Tarjeta
2024-07-05,Gasto,Alquiler,-900.0,1319.11,Cargo Alquiler,Débito
2024-07-05,Gasto,Otros,-55.21,1263.9,Pago con tarjeta,Tarjeta
2024-07-06,Gasto,Alimentación,-33.94,1229.96,Pago con tarjeta,Tarjeta
2024-07-06,Gasto,Transporte,-44.53,1185.43,Pago con tarjeta,Tarjeta
2024-07-06,Gasto,Gasto extraordinario,-593.82,591.62,Compra excepcional,Tarjeta
2024-07-07,Gasto,Préstamo personal,-220.0,371.62,Cargo Préstamo personal,Débito
2024-07-07,Gasto,Alimentación,-50.87,320.74,Pago con tarjeta,Tarjeta
2024-07-08,Gasto,Ropa,-18.41,302.34,Pago con tarjeta,Tarjeta
2024-07-08,Gasto,Alimentación,-13.44,288.9,Pago con tarjeta,Tarjeta
2024-07-08,Ingreso,Ingreso extra,379.59,668.49,Ingreso puntual,Transferencia
2024-07-09,Gasto,Alimentación,-56.63,611.86,Pago con tarjeta,Tarjeta
2024-07-09,Gasto,Otros,-40.52,571.34,Pago con tarjeta,Tarjeta
2024-07-10,Gasto,Transporte,-50.5,520.84,Pago con tarjeta,Tarjeta
2024-07-10,Gasto,Restaurantes,-41.47,479.37,Pago con tarjeta,Tarjeta
2024-07-11,Gasto,Ocio,-32.92,446.45,Pago con tarjeta,Tarjeta
2024-07-12,Gasto,Electricidad,-70.0,376.45,Cargo Electricidad,Débito
2024-07-12,Gasto,Gas,-45.0,331.45,Cargo Gas,Débito
2024-07-12,Gasto,Ropa,-42.25,289.2,Pago con tarjeta,Tarjeta
2024-07-13,Gasto,Transporte,-33.65,255.55,Pago con tarjeta,Tarjeta
2024-07-13,Gasto,Alimentación,-28.97,226.58,Pago con tarjeta,Tarjeta
2024-07-15,Gasto,Internet,-55.0,171.58,Cargo Internet,Débito
2024-07-15,Gasto,Telefonía,-35.0,136.58,Cargo Telefonía,Débito
2024-07-16,Gasto,Salud,-38.09,98.49,Pago con tarjeta,Tarjeta
2024-07-16,Gasto,Restaurantes,-45.71,52.77,Pago con tarjeta,Tarjeta
2024-07-17,Gasto,Otros,-22.76,30.01,Pago con tarjeta,Tarjeta
2024-07-17,Gasto,Restaurantes,-27.96,2.05,Pago con tarjeta,Tarjeta
2024-07-18,Gasto,Seguro,-45.0,-42.95,Cargo Seguro,Débito
2024-07-19,Gasto,Alimentación,-52.43,-95.37,Pago con tarjeta,Tarjeta
2024-07-19,Gasto,Restaurantes,-20.86,-116.23,Pago con tarjeta,Tarjeta
2024-07-20,Gasto,Streaming,-25.0,-141.23,Cargo Streaming,Débito
2024-07-20,Gasto,Alimentación,-41.91,-183.14,Pago con tarjeta,Tarjeta
2024-07-20,Gasto,Alimentación,-28.75,-211.89,Pago con tarjeta,Tarjeta
2024-07-20,Gasto,Gasto extraordinario,-829.57,-1041.46,Compra excepcional,Tarjeta
2024-07-21,Gasto,Restaurantes,-20.27,-1061.74,Pago con tarjeta,Tarjeta
2024-07-21,Gasto,Bizum,-28.67,-1090.41,Bizum enviado,Bizum
2024-07-22,Gasto,Transporte,-57.33,-1147.74,Pago con tarjeta,Tarjeta
2024-07-22,Gasto,Alimentación,-26.68,-1174.42,Pago con tarjeta,Tarjeta
2024-07-23,Gasto,Salud,-49.89,-1224.31,Pago con tarjeta,Tarjeta
2024-07-24,Gasto,Otros,-14.39,-1238.71,Pago con tarjeta,Tarjeta
2024-07-24,Gasto,Alimentación,-10.69,-1249.4,Pago con tarjeta,Tarjeta
2024-07-25,Gasto,Transporte,-10.16,-1259.56,Pago con tarjeta,Tarjeta
2024-07-26,Gasto,Alimentación,-58.6,-1318.16,Pago con tarjeta,Tarjeta
2024-07-26,Gasto,Transporte,-21.22,-1339.38,Pago con tarjeta,Tarjeta
2024-07-27,Gasto,Alimentación,-44.64,-1384.02,Pago con tarjeta,Tarjeta
2024-07-27,Gasto,Alimentación,-43.02,-1427.04,Pago con tarjeta,Tarjeta
2024-07-28,Gasto,Otros,-21.28,-1448.32,Pago con tarjeta,Tarjeta
2024-07-29,Gasto,Transporte,-53.18,-1501.5,Pago con tarjeta,Tarjeta
2024-07-29,Gasto,Transporte,-9.58,-1511.08,Pago con tarjeta,Tarjeta
2024-07-30,Gasto,Salud,-42.68,-1553.76,Pago con tarjeta,Tarjeta
2024-07-30,Gasto,Transporte,-26.13,-1579.89,Pago con tarjeta,Tarjeta
2024-08-01,Ingreso,Salario,2248.55,668.67,Nómina mensual,Transferencia
2024-08-01,Gasto,Salud,-29.02,639.65,Pago con tarjeta,Tarjeta
2024-08-03,Gasto,Transporte,-25.08,614.58,Pago con tarjeta,Tarjeta
2024-08-03,Gasto,Transporte,-39.71,574.86,Pago con tarjeta,Tarjeta
2024-08-04,Gasto,Restaurantes,-19.82,555.05,Pago con tarjeta,Tarjeta
2024-08-04,Gasto,Alimentación,-39.38,515.67,Pago con tarjeta,Tarjeta
2024-08-05,Gasto,Alquiler,-900.0,-384.33,Cargo Alquiler,Débito
2024-08-05,Gasto,Otros,-52.05,-436.39,Pago con tarjeta,Tarjeta
2024-08-05,Gasto,Educación,-50.32,-486.7,Pago con tarjeta,Tarjeta
2024-08-06,Gasto,Transporte,-47.77,-534.48,Pago con tarjeta,Tarjeta
2024-08-06,Gasto,Ropa,-45.34,-579.82,Pago con tarjeta,Tarjeta
2024-08-07,Gasto,Préstamo personal,-220.0,-799.82,Cargo Préstamo personal,Débito
2024-08-07,Gasto,Alimentación,-57.64,-857.46,Pago con tarjeta,Tarjeta
2024-08-08,Gasto,Alimentación,-33.27,-890.73,Pago con tarjeta,Tarjeta
2024-08-10,Gasto,Otros,-50.81,-941.53,Pago con tarjeta,Tarjeta
2024-08-12,Gasto,Electricidad,-70.0,-1011.53,Cargo Electricidad,Débito
2024-08-12,Gasto,Gas,-45.0,-1056.53,Cargo Gas,Débito
2024-08-12,Gasto,Otros,-33.14,-1089.68,Pago con tarjeta,Tarjeta
2024-08-12,Gasto,Ropa,-36.61,-1126.29,Pago con tarjeta,Tarjeta
2024-08-12,Gasto,Bizum,-79.65,-1205.93,Bizum enviado,Bizum
2024-08-14,Gasto,Educación,-48.04,-1253.97,Pago con tarjeta,Tarjeta
2024-08-15,Gasto,Internet,-55.0,-1308.97,Cargo Internet,Débito
2024-08-15,Gasto,Telefonía,-35.0,-1343.97,Cargo Telefonía,Débito
2024-08-15,Gasto,Restaurantes,-42.71,-1386.68,Pago con tarjeta,Tarjeta
2024-08-15,Gasto,Alimentación,-40.44,-1427.12,Pago con tarjeta,Tarjeta
2024-08-16,Gasto,Restaurantes,-35.84,-1462.96,Pago con tarjeta,Tarjeta
2024-08-16,Gasto,Alimentación,-24.24,-1487.2,Pago con tarjeta,Tarjeta
2024-08-17,Gasto,Transporte,-33.83,-1521.03,Pago con tarjeta,Tarjeta
2024-08-18,Gasto,Seguro,-45.0,-1566.03,Cargo Seguro,Débito
2024-08-18,Gasto,Restaurantes,-45.67,-1611.71,Pago con tarjeta,Tarjeta
2024-08-18,Gasto,Alimentación,-25.74,-1637.44,Pago con tarjeta,Tarjeta
2024-08-20,Gasto,Streaming,-25.0,-1662.44,Cargo Streaming,Débito
2024-08-20,Gasto,Alimentación,-19.79,-1682.23,Pago con tarjeta,Tarjeta
2024-08-21,Gasto,Alimentación,-41.29,-1723.52,Pago con tarjeta,Tarjeta
2024-08-22,Gasto,Alimentación,-42.81,-1766.33,Pago con tarjeta,Tarjeta
2024-08-22,Gasto,Otros,-42.42,-1808.75,Pago con tarjeta,Tarjeta
2024-08-23,Gasto,Alimentación,-58.01,-1866.75,Pago con tarjeta,Tarjeta
2024-08-23,Gasto,Transporte,-47.25,-1914.01,Pago con tarjeta,Tarjeta
2024-08-24,Gasto,Bizum,-43.09,-1957.1,Bizum enviado,Bizum
2024-08-25,Gasto,Alimentación,-59.61,-2016.71,Pago con tarjeta,Tarjeta
2024-08-26,Gasto,Alimentación,-48.97,-2065.68,Pago con tarjeta,Tarjeta
2024-08-26,Gasto,Salud,-39.64,-2105.32,Pago con tarjeta,Tarjeta
2024-08-27,Gasto,Alimentación,-26.73,-2132.05,Pago con tarjeta,Tarjeta
2024-08-28,Gasto,Alimentación,-57.0,-2189.05,Pago con tarjeta,Tarjeta
2024-08-28,Gasto,Salud,-16.41,-2205.46,Pago con tarjeta,Tarjeta
2024-08-29,Gasto,Otros,-14.05,-2219.52,Pago con tarjeta,Tarjeta
2024-08-29,Gasto,Ropa,-27.79,-2247.31,Pago con tarjeta,Tarjeta
2024-08-31,Gasto,Alimentación,-57.78,-2305.09,Pago con tarjeta,Tarjeta
2024-08-31,Gasto,Transporte,-56.5,-2361.59,Pago con tarjeta,Tarjeta
2024-09-01,Ingreso,Salario,2146.49,-215.1,Nómina mensual,Transferencia
2024-09-03,Gasto,Otros,-36.58,-251.68,Pago con tarjeta,Tarjeta
2024-09-04,Gasto,Alimentación,-52.28,-303.95,Pago con tarjeta,Tarjeta
2024-09-04,Gasto,Alimentación,-8.92,-312.87,Pago con tarjeta,Tarjeta
2024-09-05,Gasto,Alquiler,-900.0,-1212.87,Cargo Alquiler,Débito
2024-09-05,Gasto,Restaurantes,-11.02,-1223.9,Pago con tarjeta,Tarjeta
2024-09-05,Gasto,Otros,-11.0,-1234.9,Pago con tarjeta,Tarjeta
2024-09-06,Gasto,Ropa,-21.8,-1256.7,Pago con tarjeta,Tarjeta
2024-09-07,Gasto,Préstamo personal,-220.0,-1476.7,Cargo Préstamo personal,Débito
2024-09-07,Gasto,Ropa,-39.99,-1516.69,Pago con tarjeta,Tarjeta
2024-09-07,Gasto,Alimentación,-40.44,-1557.14,Pago con tarjeta,Tarjeta
2024-09-09,Gasto,Alimentación,-28.13,-1585.27,Pago con tarjeta,Tarjeta
2024-09-09,Gasto,Otros,-20.93,-1606.19,Pago con tarjeta,Tarjeta
2024-09-10,Gasto,Alimentación,-35.84,-1642.03,Pago con tarjeta,Tarjeta
2024-09-10,Gasto,Gasto extraordinario,-517.08,-2159.11,Compra excepcional,Tarjeta
2024-09-12,Gasto,Electricidad,-70.0,-2229.11,Cargo Electricidad,Débito
2024-09-12,Gasto,Gas,-45.0,-2274.11,Cargo Gas,Débito
2024-09-12,Gasto,Restaurantes,-21.83,-2295.94,Pago con tarjeta,Tarjeta
2024-09-13,Gasto,Restaurantes,-27.55,-2323.49,Pago con tarjeta,Tarjeta
2024-09-13,Gasto,Restaurantes,-31.89,-2355.38,Pago con tarjeta,Tarjeta
2024-09-15,Gasto,Internet,-55.0,-2410.38,Cargo Internet,Débito
2024-09-15,Gasto,Telefonía,-35.0,-2445.38,Cargo Telefonía,Débito
2024-09-15,Gasto,Otros,-21.16,-2466.54,Pago con tarjeta,Tarjeta
2024-09-15,Gasto,Ropa,-50.91,-2517.45,Pago con tarjeta,Tarjeta
2024-09-16,Gasto,Alimentación,-34.96,-2552.4,Pago con tarjeta,Tarjeta
2024-09-17,Gasto,Alimentación,-46.8,-2599.21,Pago con tarjeta,Tarjeta
2024-09-18,Gasto,Seguro,-45.0,-2644.21,Cargo Seguro,Débito
2024-09-18,Gasto,Ocio,-26.37,-2670.57,Pago con tarjeta,Tarjeta
2024-09-18,Gasto,Alimentación,-26.18,-2696.76,Pago con tarjeta,Tarjeta
2024-09-19,Gasto,Transporte,-51.19,-2747.95,Pago con tarjeta,Tarjeta
2024-09-19,Ingreso,Bizum,56.67,-2691.27,Bizum recibido,Bizum
2024-09-20,Gasto,Streaming,-25.0,-2716.27,Cargo Streaming,Débito
2024-09-21,Gasto,Transporte,-48.28,-2764.56,Pago con tarjeta,Tarjeta
2024-09-21,Gasto,Transporte,-35.58,-2800.13,Pago con tarjeta,Tarjeta
2024-09-21,Gasto,Bizum,-116.53,-2916.66,Bizum enviado,Bizum
2024-09-22,Gasto,Otros,-35.08,-2951.74,Pago con tarjeta,Tarjeta
2024-09-22,Ingreso,Ingreso extra,115.46,-2836.29,Ingreso puntual,Transferencia
2024-09-23,Gasto,Restaurantes,-30.47,-2866.75,Pago con tarjeta,Tarjeta
2024-09-24,Gasto,Ocio,-33.79,-2900.55,Pago con tarjeta,Tarjeta
2024-09-24,Gasto,Bizum,-119.17,-3019.71,Bizum enviado,Bizum
2024-09-25,Gasto,Alimentación,-47.26,-3066.98,Pago con tarjeta,Tarjeta
2024-09-28,Gasto,Alimentación,-58.19,-3125.16,Pago con tarjeta,Tarjeta
2024-09-29,Gasto,Transporte,-34.43,-3159.6,Pago con tarjeta,Tarjeta
2024-10-01,Ingreso,Salario,2345.26,-814.34,Nómina mensual,Transferencia
2024-10-01,Gasto,Ropa,-46.57,-860.91,Pago con tarjeta,Tarjeta
2024-10-01,Gasto,Educación,-22.45,-883.36,Pago con tarjeta,Tarjeta
2024-10-02,Gasto,Ocio,-40.03,-923.39,Pago con tarjeta,Tarjeta
2024-10-03,Gasto,Salud,-51.68,-975.07,Pago con tarjeta,Tarjeta
2024-10-03,Gasto,Salud,-8.57,-983.64,Pago con tarjeta,Tarjeta
2024-10-05,Gasto,Alquiler,-900.0,-1883.64,Cargo Alquiler,Débito
2024-10-05,Gasto,Restaurantes,-45.55,-1929.19,Pago con tarjeta,Tarjeta
2024-10-06,Gasto,Alimentación,-9.51,-1938.7,Pago con tarjeta,Tarjeta
2024-10-06,Gasto,Alimentación,-17.43,-1956.13,Pago con tarjeta,Tarjeta
2024-10-07,Gasto,Préstamo personal,-220.0,-2176.13,Cargo Préstamo personal,Débito
2024-10-07,Gasto,Alimentación,-38.16,-2214.29,Pago con tarjeta,Tarjeta
2024-10-08,Gasto,Transporte,-9.19,-2223.48,Pago con tarjeta,Tarjeta
2024-10-08,Gasto,Alimentación,-41.1,-2264.58,Pago con tarjeta,Tarjeta
2024-10-10,Gasto,Alimentación,-30.57,-2295.15,Pago con tarjeta,Tarjeta
2024-10-10,Gasto,Alimentación,-19.47,-2314.62,Pago con tarjeta,Tarjeta
2024-10-12,Gasto,Electricidad,-70.0,-2384.62,Cargo Electricidad,Débito
2024-10-12,Gasto,Gas,-45.0,-2429.62,Cargo Gas,Débito
2024-10-13,Gasto,Otros,-18.55,-2448.17,Pago con tarjeta,Tarjeta
2024-10-14,Gasto,Salud,-22.2,-2470.37,Pago con tarjeta,Tarjeta
2024-10-14,Gasto,Transporte,-23.53,-2493.91,Pago con tarjeta,Tarjeta
2024-10-15,Gasto,Internet,-55.0,-2548.91,Cargo Internet,Débito
2024-10-15,Gasto,Telefonía,-35.0,-2583.91,Cargo Telefonía,Débito
2024-10-16,Gasto,Ocio,-40.82,-2624.73,Pago con tarjeta,Tarjeta
2024-10-16,Gasto,Bizum,-109.43,-2734.16,Bizum enviado,Bizum
2024-10-16,Ingreso,Ingreso extra,98.33,-2635.83,Ingreso puntual,Transferencia
2024-10-17,Gasto,Alimentación,-47.07,-2682.9,Pago con tarjeta,Tarjeta
2024-10-17,Gasto,Ocio,-57.74,-2740.64,Pago con tarjeta,Tarjeta
2024-10-17,Ingreso,Bizum,16.28,-2724.37,Bizum recibido,Bizum
2024-10-18,Gasto,Seguro,-45.0,-2769.37,Cargo Seguro,Débito
2024-10-19,Gasto,Alimentación,-16.13,-2785.5,Pago con tarjeta,Tarjeta
2024-10-20,Gasto,Streaming,-25.0,-2810.5,Cargo Streaming,Débito
2024-10-20,Gasto,Transporte,-29.38,-2839.88,Pago con tarjeta,Tarjeta
2024-10-20,Ingreso,Ingreso extra,292.41,-2547.46,Ingreso puntual,Transferencia
2024-10-22,Gasto,Transporte,-33.71,-2581.18,Pago con tarjeta,Tarjeta
2024-10-22,Gasto,Otros,-15.54,-2596.72,Pago con tarjeta,Tarjeta
2024-10-23,Gasto,Transporte,-26.17,-2622.89,Pago con tarjeta,Tarjeta
2024-10-24,Gasto,Ocio,-36.35,-2659.23,Pago con tarjeta,Tarjeta
2024-10-25,Gasto,Ocio,-36.26,-2695.5,Pago con tarjeta,Tarjeta
2024-10-26,Gasto,Ocio,-19.24,-2714.74,Pago con tarjeta,Tarjeta
2024-10-26,Gasto,Alimentación,-52.82,-2767.56,Pago con tarjeta,Tarjeta
2024-10-29,Gasto,Ropa,-35.01,-2802.57,Pago con tarjeta,Tarjeta
2024-10-29,Gasto,Alimentación,-53.65,-2856.21,Pago con tarjeta,Tarjeta
2024-10-30,Gasto,Ropa,-37.01,-2893.23,Pago con tarjeta,Tarjeta
2024-10-30,Gasto,Transporte,-12.9,-2906.13,Pago con tarjeta,Tarjeta
2024-11-01,Ingreso,Salario,2280.93,-625.19,Nómina mensual,Transferencia
2024-11-01,Gasto,Transporte,-22.93,-648.13,Pago con tarjeta,Tarjeta
2024-11-01,Gasto,Ropa,-38.03,-686.16,Pago con tarjeta,Tarjeta
2024-11-04,Gasto,Transporte,-39.1,-725.26,Pago con tarjeta,Tarjeta
2024-11-04,Gasto,Alimentación,-26.91,-752.17,Pago con tarjeta,Tarjeta
2024-11-05,Gasto,Alquiler,-900.0,-1652.17,Cargo Alquiler,Débito
2024-11-06,Gasto,Otros,-29.72,-1681.9,Pago con tarjeta,Tarjeta
2024-11-07,Gasto,Préstamo personal,-220.0,-1901.9,Cargo Préstamo personal,Débito
2024-11-07,Gasto,Otros,-42.12,-1944.02,Pago con tarjeta,Tarjeta
2024-11-07,Gasto,Alimentación,-43.72,-1987.73,Pago con tarjeta,Tarjeta
2024-11-08,Gasto,Ocio,-17.75,-2005.48,Pago con tarjeta,Tarjeta
2024-11-08,Gasto,Salud,-50.59,-2056.07,Pago con tarjeta,Tarjeta
2024-11-09,Gasto,Ocio,-24.33,-2080.4,Pago con tarjeta,Tarjeta
2024-11-10,Gasto,Ocio,-50.95,-2131.35,Pago con tarjeta,Tarjeta
2024-11-10,Gasto,Alimentación,-20.47,-2151.83,Pago con tarjeta,Tarjeta
2024-11-11,Gasto,Restaurantes,-38.02,-2189.84,Pago con tarjeta,Tarjeta
2024-11-12,Gasto,Electricidad,-70.0,-2259.84,Cargo Electricidad,Débito
2024-11-12,Gasto,Gas,-45.0,-2304.84,Cargo Gas,Débito
2024-11-12,Gasto,Alimentación,-43.16,-2348.0,Pago con tarjeta,Tarjeta
2024-11-13,Gasto,Ocio,-59.57,-2407.58,Pago con tarjeta,Tarjeta
2024-11-13,Ingreso,Bizum,18.48,-2389.1,Bizum recibido,Bizum
2024-11-14,Gasto,Alimentación,-23.81,-2412.9,Pago con tarjeta,Tarjeta
2024-11-15,Gasto,Internet,-55.0,-2467.9,Cargo Internet,Débito
2024-11-15,Gasto,Telefonía,-35.0,-2502.9,Cargo Telefonía,Débito
2024-11-17,Gasto,Alimentación,-27.84,-2530.75,Pago con tarjeta,Tarjeta
2024-11-17,Gasto,Alimentación,-29.46,-2560.21,Pago con tarjeta,Tarjeta
2024-11-17,Ingreso,Ingreso extra,214.86,-2345.35,Ingreso puntual,Transferencia
2024-11-18,Gasto,Seguro,-45.0,-2390.35,Cargo Seguro,Débito
2024-11-18,Gasto,Alimentación,-52.63,-2442.98,Pago con tarjeta,Tarjeta
2024-11-18,Gasto,Alimentación,-55.36,-2498.34,Pago con tarjeta,Tarjeta
2024-11-18,Ingreso,Ingreso extra,388.1,-2110.24,Ingreso puntual,Transferencia
2024-11-19,Gasto,Transporte,-35.7,-2145.94,Pago con tarjeta,Tarjeta
2024-11-20,Gasto,Streaming,-25.0,-2170.94,Cargo Streaming,Débito
2024-11-20,Gasto,Alimentación,-20.58,-2191.52,Pago con tarjeta,Tarjeta
2024-11-20,Gasto,Alimentación,-32.38,-2223.9,Pago con tarjeta,Tarjeta
2024-11-21,Gasto,Transporte,-11.35,-2235.25,Pago con tarjeta,Tarjeta
2024-11-21,Gasto,Salud,-53.62,-2288.87,Pago con tarjeta,Tarjeta
2024-11-22,Gasto,Alimentación,-49.32,-2338.18,Pago con tarjeta,Tarjeta
2024-11-22,Gasto,Alimentación,-38.31,-2376.49,Pago con tarjeta,Tarjeta
2024-11-23,Gasto,Alimentación,-33.4,-2409.89,Pago con tarjeta,Tarjeta
2024-11-23,Gasto,Ocio,-35.31,-2445.2,Pago con tarjeta,Tarjeta
2024-11-23,Ingreso,Bizum,105.54,-2339.66,Bizum recibido,Bizum
2024-11-23,Ingreso,Ingreso extra,302.22,-2037.43,Ingreso puntual,Transferencia
2024-11-24,Gasto,Restaurantes,-48.24,-2085.68,Pago con tarjeta,Tarjeta
2024-11-24,Gasto,Transporte,-54.41,-2140.09,Pago con tarjeta,Tarjeta
2024-11-25,Gasto,Transporte,-43.17,-2183.26,Pago con tarjeta,Tarjeta
2024-11-28,Gasto,Restaurantes,-10.37,-2193.63,Pago con tarjeta,Tarjeta
2024-11-29,Gasto,Transporte,-32.43,-2226.06,Pago con tarjeta,Tarjeta
2024-11-30,Gasto,Alimentación,-19.39,-2245.45,Pago con tarjeta,Tarjeta
2024-11-30,Ingreso,Bizum,21.88,-2223.57,Bizum recibido,Bizum
2024-12-01,Ingreso,Salario,2168.42,-55.15,Nómina mensual,Transferencia
2024-12-01,Gasto,Alimentación,-22.45,-77.59,Pago con tarjeta,Tarjeta
2024-12-02,Gasto,Transporte,-53.46,-131.05,Pago con tarjeta,Tarjeta
2024-12-03,Gasto,Alimentación,-28.27,-159.33,Pago con tarjeta,Tarjeta
2024-12-03,Gasto,Ocio,-53.88,-213.2,Pago con tarjeta,Tarjeta
2024-12-04,Gasto,Otros,-50.7,-263.91,Pago con tarjeta,Tarjeta
2024-12-04,Gasto,Alimentación,-41.09,-305.0,Pago con tarjeta,Tarjeta
2024-12-04,Ingreso,Bizum,38.34,-266.66,Bizum recibido,Bizum
2024-12-05,Gasto,Alquiler,-900.0,-1166.66,Cargo Alquiler,Débito
2024-12-05,Gasto,Ropa,-42.46,-1209.12,Pago con tarjeta,Tarjeta
2024-12-05,Gasto,Alimentación,-39.01,-1248.13,Pago con tarjeta,Tarjeta
2024-12-06,Gasto,Otros,-42.77,-1290.9,Pago con tarjeta,Tarjeta
2024-12-07,Gasto,Préstamo personal,-220.0,-1510.9,Cargo Préstamo personal,Débito
2024-12-07,Gasto,Alimentación,-14.02,-1524.91,Pago con tarjeta,Tarjeta
2024-12-07,Gasto,Alimentación,-16.94,-1541.85,Pago con tarjeta,Tarjeta
2024-12-09,Gasto,Restaurantes,-38.01,-1579.86,Pago con tarjeta,Tarjeta
2024-12-09,Gasto,Bizum,-23.53,-1603.4,Bizum enviado,Bizum
2024-12-10,Gasto,Restaurantes,-52.3,-1655.69,Pago con tarjeta,Tarjeta
2024-12-10,Gasto,Restaurantes,-12.04,-1667.73,Pago con tarjeta,Tarjeta
2024-12-11,Gasto,Salud,-52.59,-1720.32,Pago con tarjeta,Tarjeta
2024-12-11,Gasto,Educación,-30.41,-1750.73,Pago con tarjeta,Tarjeta
2024-12-12,Gasto,Electricidad,-70.0,-1820.73,Cargo Electricidad,Débito
2024-12-12,Gasto,Gas,-45.0,-1865.73,Cargo Gas,Débito
2024-12-12,Gasto,Restaurantes,-35.34,-1901.07,Pago con tarjeta,Tarjeta
2024-12-12,Gasto,Transporte,-16.61,-1917.69,Pago con tarjeta,Tarjeta
2024-12-14,Gasto,Alimentación,-29.3,-1946.99,Pago con tarjeta,Tarjeta
2024-12-15,Gasto,Internet,-55.0,-2001.99,Cargo Internet,Débito
2024-12-15,Gasto,Telefonía,-35.0,-2036.99,Cargo Telefonía,Débito
2024-12-15,Gasto,Transporte,-37.1,-2074.09,Pago con tarjeta,Tarjeta
2024-12-15,Gasto,Alimentación,-16.7,-2090.79,Pago con tarjeta,Tarjeta
2024-12-16,Gasto,Restaurantes,-10.03,-2100.82,Pago con tarjeta,Tarjeta
2024-12-16,Ingreso,Bizum,52.68,-2048.14,Bizum recibido,Bizum
2024-12-17,Gasto,Alimentación,-51.44,-2099.59,Pago con tarjeta,Tarjeta
2024-12-17,Gasto,Restaurantes,-27.49,-2127.08,Pago con tarjeta,Tarjeta
2024-12-18,Gasto,Seguro,-45.0,-2172.08,Cargo Seguro,Débito
2024-12-18,Gasto,Alimentación,-57.98,-2230.06,Pago con tarjeta,Tarjeta
2024-12-19,Gasto,Restaurantes,-35.68,-2265.73,Pago con tarjeta,Tarjeta
2024-12-20,Gasto,Streaming,-25.0,-2290.73,Cargo Streaming,Débito
2024-12-20,Gasto,Alimentación,-18.12,-2308.85,Pago con tarjeta,Tarjeta
2024-12-20,Gasto,Alimentación,-25.81,-2334.66,Pago con tarjeta,Tarjeta
2024-12-21,Gasto,Transporte,-59.99,-2394.65,Pago con tarjeta,Tarjeta
2024-12-21,Gasto,Alimentación,-50.47,-2445.12,Pago con tarjeta,Tarjeta
2024-12-22,Gasto,Transporte,-40.27,-2485.39,Pago con tarjeta,Tarjeta
2024-12-22,Gasto,Alimentación,-28.55,-2513.94,Pago con tarjeta,Tarjeta
2024-12-22,Gasto,Bizum,-62.31,-2576.25,Bizum enviado,Bizum
2024-12-24,Gasto,Transporte,-11.0,-2587.25,Pago con tarjeta,Tarjeta
2024-12-24,Ingreso,Ingreso extra,390.27,-2196.98,Ingreso puntual,Transferencia
2024-12-26,Gasto,Restaurantes,-22.86,-2219.84,Pago con tarjeta,Tarjeta
2024-12-27,Gasto,Restaurantes,-45.74,-2265.58,Pago con tarjeta,Tarjeta
2024-12-28,Gasto,Transporte,-57.71,-2323.29,Pago con tarjeta,Tarjeta
2024-12-29,Gasto,Alimentación,-20.5,-2343.79,Pago con tarjeta,Tarjeta
2024-12-29,Ingreso,Ingreso extra,390.89,-1952.9,Ingreso puntual,Transferencia
2024-12-30,Gasto,Alimentación,-32.8,-1985.7,Pago con tarjeta,Tarjeta
2024-12-31,Gasto,Transporte,-50.63,-2036.32,Pago con tarjeta,Tarjeta
2024-12-31,Gasto,Alimentación,-46.12,-2082.44,Pago con tarjeta,Tarjeta
